{"ItemsList":[{"name":"thor.glb","position":{"x":0.058578528463840488,"y":-0.001718443352729082,"z":0.005806543864309788},"rotation":{"x":-1.303851426825986e-8,"y":0.6431758999824524,"z":2.2351740014414646e-8,"w":0.7657184600830078},"scale":{"x":1.055903434753418,"y":1.055903434753418,"z":1.055903434753418}},{"name":"reverse_flash.glb","position":{"x":-0.07463807612657547,"y":0.0019416527356952429,"z":0.00045028459862805903},"rotation":{"x":3.91155481338501e-8,"y":-0.6368656158447266,"z":7.636845111846924e-8,"w":0.77097487449646},"scale":{"x":1.0028594732284547,"y":1.0028594732284547,"z":1.0028594732284547}},{"name":"spiderman.glb","position":{"x":0.05504985526204109,"y":0.0004596007929649204,"z":-0.05198559910058975},"rotation":{"x":5.4016702222270399e-8,"y":0.8242354393005371,"z":-1.6763804566721775e-8,"w":0.5662471652030945},"scale":{"x":1.0477436780929566,"y":1.0477436780929566,"z":1.0477436780929566}},{"name":"ironman.glb","position":{"x":0.04873752221465111,"y":-0.0024278387427330019,"z":0.059270795434713367},"rotation":{"x":-1.0803341865539551e-7,"y":0.34915608167648318,"z":-1.4901161193847657e-8,"w":0.9370646476745606},"scale":{"x":1.096360683441162,"y":1.096360683441162,"z":1.096360683441162}}]}