{"ItemsList":[{"name":"cow.glb","position":{"x":0.008003715425729752,"y":-0.004118562676012516,"z":0.043847329914569858},"rotation":{"x":-1.862645149230957e-9,"y":0.9709586501121521,"z":2.2351741790771486e-8,"w":-0.2392476350069046},"scale":{"x":2.1892685890197756,"y":2.1892685890197756,"z":2.1892685890197756}},{"name":"elephant.glb","position":{"x":0.06929830461740494,"y":-0.0013564013643190265,"z":0.020500998944044114},"rotation":{"x":-2.9802322387695315e-8,"y":-0.8680812120437622,"z":-1.4901161193847657e-8,"w":0.49642226099967959},"scale":{"x":1.948858380317688,"y":1.948858380317688,"z":1.948858380317688}},{"name":"horse.glb","position":{"x":0.058785341680049899,"y":0.005148322321474552,"z":-0.06965307891368866},"rotation":{"x":5.122274160385132e-9,"y":0.9996486306190491,"z":-1.862645149230957e-8,"w":-0.02651005983352661},"scale":{"x":1.7297247648239136,"y":1.7297247648239136,"z":1.7297247648239136}},{"name":"tiger.glb","position":{"x":-0.1033848226070404,"y":0.007390984334051609,"z":-0.07330835610628128},"rotation":{"x":-2.9802318834981635e-8,"y":0.616540789604187,"z":2.607702853651972e-8,"w":0.787322998046875},"scale":{"x":1.4934804439544678,"y":1.4934804439544678,"z":1.4934804439544678}}]}