{"ItemsList":[{"name":"mask_joker.glb","position":{"x":0.0,"y":0.02500000037252903,"z":-0.05000000074505806},"rotation":{"x":-3.036448603666031e-8,"y":0.6946584582328796,"z":0.7193397283554077,"w":3.144333859950166e-8},"scale":{"x":0.09000000357627869,"y":0.09000000357627869,"z":0.09000000357627869}},{"name":"moustache_black.glb","position":{"x":0.0,"y":-0.02500000037252903,"z":-0.05999999865889549},"rotation":{"x":0.012340699322521687,"y":0.7069991230964661,"z":0.7069991230964661,"w":-0.012340699322521687},"scale":{"x":0.029999999329447748,"y":0.029999999329447748,"z":0.029999999329447748}}]}