{"ItemsList":[{"name":"cat_ears.glb","position":{"x":0.0,"y":0.0,"z":0.0},"rotation":{"x":0.0,"y":0.0,"z":0.0,"w":1.0},"scale":{"x":0.9277278184890747,"y":0.9277278184890747,"z":0.9277278184890747}},{"name":"cat_nose.glb","position":{"x":-0.002300000051036477,"y":0.004900000058114529,"z":-0.07119999825954437},"rotation":{"x":-0.034899450838565829,"y":0.0,"z":0.0,"w":-0.9993908405303955},"scale":{"x":1.0,"y":1.0,"z":1.0}}]}