{"ItemsList":[{"name":"horns_mask.glb","position":{"x":0.0,"y":-0.019999999552965165,"z":0.11999999731779099},"rotation":{"x":0.012340699322521687,"y":0.7069991230964661,"z":0.7069991230964661,"w":-0.012340699322521687},"scale":{"x":95.0,"y":95.0,"z":95.0}},{"name":"moustache_black.glb","position":{"x":0.0,"y":-0.02500000037252903,"z":-0.05999999865889549},"rotation":{"x":0.012340699322521687,"y":0.7069991230964661,"z":0.7069991230964661,"w":-0.012340699322521687},"scale":{"x":0.029999999329447748,"y":0.029999999329447748,"z":0.029999999329447748}},{"name":"devil_horns.glb","position":{"x":0.0,"y":0.10000000149011612,"z":-0.05000000074505806},"rotation":{"x":0.019756030291318895,"y":0.7544510364532471,"z":0.6558341979980469,"w":-0.017173653468489648},"scale":{"x":0.0005000000237487257,"y":0.0005000000237487257,"z":0.0005000000237487257}},{"name":"horns.glb","position":{"x":0.00039999998989515007,"y":0.04859999939799309,"z":-0.04560000076889992},"rotation":{"x":-0.16448092460632325,"y":0.0,"z":0.0,"w":0.9863802790641785},"scale":{"x":1.0,"y":1.0,"z":1.0}}]}