{"ItemsList":[{"name":"glasses.glb","position":{"x":0.0,"y":0.019999999552965165,"z":-0.05000000074505806},"rotation":{"x":-0.012340676970779896,"y":0.7069991230964661,"z":0.7069991230964661,"w":0.012340676970779896},"scale":{"x":0.07000000029802323,"y":0.07000000029802323,"z":0.07000000029802323}},{"name":"moustache_black.glb","position":{"x":0.0,"y":-0.02500000037252903,"z":-0.05999999865889549},"rotation":{"x":0.012340699322521687,"y":0.7069991230964661,"z":0.7069991230964661,"w":-0.012340699322521687},"scale":{"x":0.029999999329447748,"y":0.029999999329447748,"z":0.029999999329447748}}]}